{"cameraMode":{"drawMode":0,"name":"Shaded","section":"Shading Mode"},"sceneLighting":true,"audioPlay":false,"sceneViewState":{"showFog":true,"showMaterialUpdate":false,"showSkybox":true,"showFlares":true,"showImageEffects":true,"showParticleSystems":true},"in2DMode":false,"pivot":{"x":47.91660690307617,"y":0.8033145666122437,"z":40.678348541259769},"rotation":{"x":-0.014562664553523064,"y":0.9795305132865906,"z":-0.0768633633852005,"w":-0.18553860485553742},"size":1.4545400142669678,"orthographic":false}