{"cameraMode":{"drawMode":0,"name":"Shaded","section":"Shading Mode"},"sceneLighting":true,"audioPlay":false,"sceneViewState":{"showFog":true,"showMaterialUpdate":false,"showSkybox":true,"showFlares":true,"showImageEffects":true,"showParticleSystems":true},"in2DMode":false,"pivot":{"x":50.025482177734378,"y":0.138411283493042,"z":31.931856155395509},"rotation":{"x":-0.0029643329326063396,"y":0.9958367943763733,"z":-0.08565979450941086,"w":-0.03437168523669243},"size":8.48892879486084,"orthographic":false}