{"cameraMode":{"drawMode":0,"name":"Shaded","section":"Shading Mode"},"sceneLighting":true,"audioPlay":false,"sceneViewState":{"showFog":true,"showMaterialUpdate":false,"showSkybox":true,"showFlares":true,"showImageEffects":true,"showParticleSystems":true},"in2DMode":false,"pivot":{"x":51.62080383300781,"y":0.003000020980834961,"z":42.52726745605469},"rotation":{"x":-0.015999944880604745,"y":0.9605721235275269,"z":-0.05655619129538536,"w":-0.27174919843673708},"size":1.3886719942092896,"orthographic":false}